subant,2015/08/27 12:56 PM,2015-08-27,0,2015/08/27 01:52 PM,N/A,,2015/08/27 01:57 PM,N/A,N/A
servaas,2015/08/27 01:39 PM,2015-08-27,1,2015/08/27 01:58 PM,2015/08/27 01:58 PM,,N/A,N/A,N/A
hsilim,2015/08/27 01:40 PM,2015-08-27,1,2015/08/27 02:17 PM,2015/08/27 02:17 PM,,N/A,N/A,N/A
kempkes,2015/08/27 01:54 PM,2015-08-27,1,2015/08/27 02:26 PM,2015/08/27 02:26 PM,,N/A,N/A,N/A
konghoming,2015/08/27 02:16 PM,2015-08-27,0,2015/08/27 02:38 PM,N/A,,2015/08/27 02:43 PM,N/A,N/A
ckim01,2015/08/27 02:21 PM,2015-08-27,1,2015/08/27 02:43 PM,2015/08/27 02:43 PM,,N/A,N/A,N/A
colin,2015/08/27 02:31 PM,2015-08-27,1,2015/08/27 03:26 PM,2015/08/27 03:26 PM,,N/A,N/A,N/A
corys,2015/08/27 03:42 PM,2015-08-27,1,2015/08/27 04:01 PM,2015/08/27 04:01 PM,,N/A,N/A,N/A
alexperry,2015/08/27 03:48 PM,2015-08-27,1,2015/08/27 04:09 PM,2015/08/27 04:09 PM,,N/A,N/A,N/A
matan,2015/08/28 03:28 PM,2015-08-28,1,2015/08/28 03:59 PM,2015/08/28 03:59 PM,,N/A,N/A,N/A
therese,2015/08/28 03:58 PM,2015-08-28,1,2015/08/28 04:29 PM,2015/08/28 04:29 PM,,N/A,N/A,N/A
npetrini,2015/09/02 02:05 PM,2015-09-02,1,2015/09/02 02:29 PM,2015/09/02 02:29 PM,,N/A,N/A,N/A
huiloveyu5,2015/09/02 02:28 PM,2015-09-02,1,2015/09/02 02:42 PM,2015/09/02 02:43 PM,,N/A,N/A,N/A
testtest,2015/09/02 03:48 PM,2015-09-02,1,N/A,N/A,,N/A,2015/09/02 03:50 PM,N/A
testtest,2015/09/02 03:52 PM,2015-09-02,0,N/A,N/A,,N/A,2015/09/02 03:52 PM,N/A
yanfei,2015/09/03 02:35 PM,2015-09-03,1,2015/09/03 02:54 PM,2015/09/03 03:08 PM,,N/A,N/A,N/A
rmclaugh,2015/09/03 02:37 PM,2015-09-03,1,2015/09/03 03:37 PM,N/A,,2015/09/03 03:42 PM,N/A,N/A
eh10st,2015/09/03 02:38 PM,2015-09-03,1,2015/09/03 03:42 PM,N/A,,2015/09/03 03:49 PM,N/A,N/A
rubi242,2015/09/03 02:39 PM,2015-09-03,1,2015/09/03 03:49 PM,N/A,,2015/09/03 03:53 PM,N/A,N/A
waringle,2015/09/03 02:45 PM,2015-09-03,1,2015/09/03 03:53 PM,2015/09/03 03:57 PM,,N/A,N/A,N/A
wicccked,2015/09/03 03:01 PM,2015-09-03,1,2015/09/03 03:58 PM,N/A,,2015/09/03 04:04 PM,N/A,N/A
annie777,2015/09/03 03:32 PM,2015-09-03,0,2015/09/03 04:04 PM,2015/09/03 04:04 PM,,N/A,N/A,N/A
dotkid8,2015/09/03 03:48 PM,2015-09-03,1,2015/09/03 04:40 PM,N/A,,2015/09/03 04:45 PM,N/A,N/A
adammcd3,2015/09/03 03:58 PM,2015-09-03,1,2015/09/03 04:45 PM,2015/09/03 04:45 PM,,N/A,N/A,N/A
josh654321,2015/09/03 04:02 PM,2015-09-03,0,2015/09/03 05:01 PM,2015/09/03 05:01 PM,,N/A,N/A,N/A
acferris,2015/09/03 04:05 PM,2015-09-03,1,2015/09/03 05:13 PM,2015/09/03 05:16 PM,,N/A,N/A,N/A
anthonyu,2015/09/03 04:41 PM,2015-09-03,1,2015/09/03 05:22 PM,2015/09/03 05:22 PM,,N/A,N/A,N/A
daniel,2015/09/03 05:02 PM,2015-09-03,1,2015/09/03 05:54 PM,N/A,,2015/09/03 06:50 PM,N/A,N/A
simonsda,2015/09/03 05:53 PM,2015-09-03,1,2015/09/03 07:00 PM,2015/09/03 07:02 PM,,N/A,N/A,N/A
lucashu198,2015/09/03 06:02 PM,2015-09-03,0,N/A,N/A,,N/A,N/A,2015/09/03 07:39 PM
billy,2015/09/03 06:15 PM,2015-09-03,0,N/A,N/A,,N/A,2015/09/03 06:54 PM,N/A
amartyts,2015/09/03 06:42 PM,2015-09-03,1,N/A,N/A,,N/A,N/A,2015/09/03 07:39 PM
micmac66,2015/09/04 11:54 AM,2015-09-04,1,2015/09/04 12:11 PM,2015/09/04 12:11 PM,,N/A,N/A,N/A
helloworld,2015/09/04 12:16 PM,2015-09-04,1,2015/09/04 12:26 PM,2015/09/04 12:26 PM,,N/A,N/A,N/A
testtest,2015/09/04 02:27 PM,2015-09-04,1,N/A,N/A,,N/A,2015/09/04 02:27 PM,N/A
testtest,2015/09/04 02:33 PM,2015-09-04,1,N/A,N/A,,N/A,2015/09/04 02:34 PM,N/A
marindan,2015/09/04 02:54 PM,2015-09-04,1,2015/09/04 03:01 PM,2015/09/04 03:01 PM,,N/A,N/A,N/A
leesar11,2015/09/04 02:58 PM,2015-09-04,1,2015/09/04 03:52 PM,2015/09/04 03:52 PM,,N/A,N/A,N/A
testtest1,2015/09/04 03:11 PM,2015-09-04,1,N/A,N/A,,N/A,2015/09/04 03:17 PM,N/A
bahizifa,2015/09/04 03:34 PM,2015-09-04,1,2015/09/04 04:15 PM,2015/09/04 04:18 PM,,N/A,N/A,N/A
bergamini,2015/09/04 03:40 PM,2015-09-04,1,N/A,N/A,,N/A,N/A,2015/09/04 04:59 PM
prosp34,2015/09/04 03:47 PM,2015-09-04,1,N/A,N/A,,N/A,N/A,2015/09/04 04:59 PM
tsquared,2015/09/04 04:57 PM,2015-09-04,1,N/A,N/A,,N/A,N/A,2015/09/04 04:59 PM
